{
  "hash": "f89afae3",
  "browserHash": "6ef7d35a",
  "optimized": {
    "@angular/core": {
      "src": "../../../../../node_modules/@angular/core/fesm2022/core.mjs",
      "file": "@angular_core.js",
      "fileHash": "5e695adb",
      "needsInterop": false
    },
    "@angular/platform-browser": {
      "src": "../../../../../node_modules/@angular/platform-browser/fesm2022/platform-browser.mjs",
      "file": "@angular_platform-browser.js",
      "fileHash": "a29909d2",
      "needsInterop": false
    },
    "@angular/router": {
      "src": "../../../../../node_modules/@angular/router/fesm2022/router.mjs",
      "file": "@angular_router.js",
      "fileHash": "1070897b",
      "needsInterop": false
    },
    "@angular/forms": {
      "src": "../../../../../node_modules/@angular/forms/fesm2022/forms.mjs",
      "file": "@angular_forms.js",
      "fileHash": "d83311ca",
      "needsInterop": false
    },
    "@angular/common/http": {
      "src": "../../../../../node_modules/@angular/common/fesm2022/http.mjs",
      "file": "@angular_common_http.js",
      "fileHash": "8354733f",
      "needsInterop": false
    }
  },
  "chunks": {
    "chunk-3EZYP6PI": {
      "file": "chunk-3EZYP6PI.js"
    },
    "chunk-SW6I2F2B": {
      "file": "chunk-SW6I2F2B.js"
    },
    "chunk-LKMQW3IZ": {
      "file": "chunk-LKMQW3IZ.js"
    },
    "chunk-63TKGN5U": {
      "file": "chunk-63TKGN5U.js"
    }
  }
}